name,desconto,preço,rating,ends,started
Windblown,-20%,"R$ 59,19",86.42%,in 14 hours,13 days ago
Baldur's Gate 3,-20%,"R$ 159,99",95.98%,in 5 days,2 days ago
Like a Dragon Gaiden: The Man Who Erased His Name,-50%,"R$ 124,50",93.81%,in 14 hours,13 days ago
UNDERDOGS,-42%,"R$ 51,61",92.36%,in 9 days,5 days ago
The Legend of Heroes: Trails from Zero,-30%,"R$ 83,99",92.12%,in 2 days,12 days ago
The Legend of Heroes: Trails to Azure,-25%,"R$ 89,99",91.52%,in 2 days,12 days ago
STORY OF SEASONS: Friends of Mineral Town,-75%,"R$ 23,49",90.77%,in 13 days,yesterday
The Legend of Heroes: Trails into Reverie,-35%,"R$ 105,30",89.29%,in 2 days,12 days ago
Anger Foot,-30%,"R$ 51,79",88.85%,in 12 days,2 days ago
Rune Factory 3 Special,-60%,"R$ 55,99",88.70%,in 13 days,yesterday
Like a Dragon: Infinite Wealth,-50%,"R$ 174,95",88.63%,in 14 hours,13 days ago
The Legend of Heroes: Trails of Cold Steel IV,-60%,"R$ 64,80",88.16%,in 2 days,12 days ago
The Legend of Heroes: Trails of Cold Steel III,-75%,"R$ 40,50",87.75%,in 2 days,12 days ago
Syberia: The World Before,-80%,"R$ 21,80",87.16%,in 6 days,yesterday
The Legend of Heroes: Trails through Daybreak,-20%,"R$ 129,60",87.11%,in 2 days,12 days ago
Age of Mythology: Retold,-20%,"R$ 79,99",86.80%,in 5 days,10 hours ago
Garfield Kart - Furious Racing,-93%,"R$ 2,79",85.73%,in 6 days,yesterday
Rune Factory 4 Special,-70%,"R$ 35,99",83.90%,in 13 days,yesterday
BUTCHER,-85%,"R$ 2,99",82.02%,in 5 days,9 days ago
STORY OF SEASONS: Pioneers of Olive Town,-65%,"R$ 55,99",80.50%,in 13 days,yesterday
The Binding of Isaac: Rebirth,,"R$ 13,99",96.42%,in 5 days,2 days ago
Resident Evil 4,-50%,"R$ 84,50",96.31%,in 6 days,8 days ago
Ghost Trick: Phantom Detective,-50%,"R$ 64,50",94.05%,in 6 days,8 days ago
Car Mechanic Simulator 2021,-62%,"R$ 28,11",93.74%,in 4 days,10 days ago
The Legend of Heroes: Trails in the Sky SC,-35%,"R$ 45,49",93.67%,in 13 days,yesterday
Beacon Pines,-60%,"R$ 23,99",93.55%,in 2 days,12 days ago
Insomnia: Theater in the Head,-26%,"R$ 6,46",92.83%,in 10 days,4 days ago
Maitetsu:Pure Station,-66%,"R$ 50,14",92.66%,in 4 days,11 days ago
"Little Kitty, Big City",-30%,"R$ 51,79",92.65%,in 12 days,2 days ago
Yakuza: Like a Dragon,-50%,"R$ 49,95",92.60%,in 14 hours,13 days ago
Mortal Sin,-33%,"R$ 40,19",92.21%,in 4 days,11 days ago
Judgment,-70%,"R$ 59,98",92.03%,in 14 hours,13 days ago
1000xRESIST,-20%,"R$ 47,99",91.97%,in 14 hours,12 days ago
Teenage Mutant Ninja Turtles: Shredder's Revenge,-35%,"R$ 61,74",91.79%,in 5 days,2 days ago
Homicipher,-10%,"R$ 44,99",91.66%,in 2 days,6 days ago
Wandering Sword,-15%,"R$ 62,89",91.54%,in 13 hours,13 days ago
The Legend of Heroes: Trails of Cold Steel,-50%,"R$ 36,49",91.49%,in 13 days,yesterday
Lost Judgment,-70%,"R$ 74,70",91.41%,in 14 hours,13 days ago
SENRAN KAGURA SHINOVI VERSUS,-60%,"R$ 15,19",91.09%,in 13 days,yesterday
SENRAN KAGURA ESTIVAL VERSUS,-70%,"R$ 17,39",91.08%,in 13 days,yesterday
ABZU,-75%,"R$ 9,24",90.86%,in 5 days,2 days ago
The Legend of Heroes: Trails in the Sky,-50%,"R$ 18,49",90.85%,in 13 days,yesterday
DEATH STRANDING DIRECTOR'S CUT,-50%,"R$ 79,50",90.83%,in 5 days,2 days ago
Who's Lila?,-50%,"R$ 12,44",90.74%,in 6 days,8 days ago
Killer Frequency,-66%,"R$ 30,26",90.52%,in 5 days,9 days ago
The Cosmic Wheel Sisterhood,-50%,"R$ 27,49",90.48%,in 5 days,9 days ago
Streets of Rage 4,-60%,"R$ 36,98",90.43%,in 5 days,2 days ago
American Arcadia,-35%,"R$ 38,99",90.22%,in 5 days,2 days ago
Jusant,-40%,"R$ 52,49",90.11%,in 7 days,6 days ago
The Legend of Heroes: Trails of Cold Steel II,-50%,"R$ 36,49",89.70%,in 13 days,yesterday
The Legend of Heroes: Trails in the Sky the 3rd,-25%,"R$ 41,99",89.70%,in 13 days,yesterday
Kill The Crows,-40%,"R$ 10,19",89.62%,in 6 days,8 days ago
The Operator,-15%,"R$ 37,81",89.62%,in 12 days,2 days ago
Fate/EXTELLA LINK,-70%,"R$ 28,19",89.61%,in 13 days,yesterday
Ys Origin,-75%,"R$ 9,24",89.51%,in 13 days,yesterday
Shin Megami Tensei V: Vengeance,-30%,"R$ 209,93",89.49%,in 13 hours,6 days ago
Soda Crisis,-40%,"R$ 13,67",89.48%,in 5 days,2 days ago
We Were Here Expeditions: The FriendShip,-50%,"R$ 6,89",89.39%,in 12 days,2 days ago
Venba,-50%,"R$ 23,49",89.37%,in 12 days,2 days ago
We Were Here Forever,-50%,"R$ 27,49",89.30%,in 12 days,2 days ago
Game Of Fate,-12%,"R$ 50,20",89.15%,in 7 days,7 days ago
System Shock,-60%,"R$ 79,60",89.04%,in 5 days,10 days ago
Sakuna: Of Rice and Ruin,-50%,"R$ 37,74",89.00%,in 13 days,yesterday
SENRAN KAGURA Burst Re:Newal,-70%,"R$ 17,39",88.99%,in 13 days,yesterday
Fights in Tight Spaces,-50%,"R$ 23,74",88.65%,in 13 hours,13 days ago
Yakuza 4 Remastered,-70%,"R$ 26,85",88.45%,in 14 hours,13 days ago
Touhou: Scarlet Curiosity,-70%,"R$ 8,69",88.24%,in 13 days,yesterday
Aonatsu Line,-48%,"R$ 34,31",88.21%,in 4 days,11 days ago
Fate/EXTELLA,-65%,"R$ 26,42",87.79%,in 13 days,yesterday
Card Shark,-60%,"R$ 23,99",87.54%,in 5 days,2 days ago
SENRAN KAGURA Bon Appétit! - Full Course,-75%,"R$ 9,49",87.44%,in 13 days,yesterday
Corpse Party (2021),-55%,"R$ 34,39",87.40%,in 13 days,10 hours ago
Thief Simulator 2,-33%,"R$ 40,19",87.40%,in 4 days,10 days ago
YOHANE THE PARHELION -BLAZE in the DEEPBLUE-,-37%,"R$ 94,49",87.32%,in 5 days,9 days ago
Potionomics,-20%,"R$ 37,99",87.27%,in 13 days,yesterday
Torn Away,-40%,"R$ 28,19",87.12%,in 13 days,2 days ago
Ys: Memories of Celceta,-40%,"R$ 28,49",87.11%,in 13 days,yesterday
METAL SLUG 3,-80%,"R$ 2,99",87.08%,in 14 days,20 hours ago
BioShock® 2,-85%,"R$ 4,49",87.03%,in 8 days,6 days ago
Zwei: The Ilvard Insurrection,-60%,"R$ 15,19",87.02%,in 13 days,yesterday
Xanadu Next,-70%,"R$ 8,69",86.96%,in 13 days,yesterday
Ys SEVEN,-40%,"R$ 27,59",86.90%,in 13 days,yesterday
Yakuza 5 Remastered,-70%,"R$ 26,85",86.70%,in 14 hours,13 days ago
Train Valley 2,-75%,"R$ 7,24",86.38%,in 6 days,yesterday
METAL SLUG,-80%,"R$ 3,19",86.15%,in 14 days,20 hours ago
Tavern Talk,-20%,"R$ 43,99",86.08%,in 12 days,2 days ago
No Straight Roads: Encore Edition,-75%,"R$ 11,87",85.96%,in 5 days,2 days ago
Lucky Tower Ultimate,-10%,"R$ 26,99",85.40%,in 5 days,2 days ago
Nitroplus Blasterz: Heroines Infinite Duel,-75%,"R$ 9,49",85.35%,in 13 days,yesterday
METAL SLUG X,-80%,"R$ 3,19",85.05%,in 14 days,20 hours ago
Ys VI: The Ark of Napishtim,-75%,"R$ 9,24",85.00%,in 13 days,yesterday
Enshrouded,-20%,"R$ 71,99",84.56%,in 13 days,2 days ago
REVEIL,-35%,"R$ 38,99",84.45%,in 2 days,12 days ago
METAL SLUG 2,-80%,"R$ 2,79",83.23%,in 14 days,20 hours ago
Aquarium Designer,-45%,"R$ 11,37",82.63%,in 2 days,12 days ago
Cyberpunk 2077,-50%,"R$ 99,95",82.47%,in 4 days,8 days ago
Thymesia,-60%,"R$ 29,96",82.23%,in 5 days,9 days ago
Into The Flames,-70%,"R$ 11,39",81.41%,in 4 days,10 days ago
A Perfect Day,-41%,"R$ 35,39",81.25%,in 10 days,4 days ago
The Lord of the Rings: Return to Moria™,-33%,"R$ 49,57",79.07%,in 7 days,10 hours ago
